release_year,average_rating
1977,5
1992,3.5
1993,3.5546875
1994,3.4910714285714284
1995,3.5673758865248226
1996,3.3846153846153846
2009,3
